{"stat.chestOpened":1,"stat.walkOneCm":34176,"achievement.openInventory":16,"stat.leaveGame":46,"stat.flyOneCm":206098,"stat.jump":164,"stat.useItem.minecraft.sand":1,"stat.swimOneCm":366,"stat.playOneMinute":109199,"stat.useItem.minecraft.planks":2,"stat.crouchOneCm":1301,"stat.timeSinceDeath":109199,"stat.useItem.minecraft.dirt":1,"stat.sprintOneCm":10974,"stat.useItem.minecraft.sign":1,"achievement.exploreAllBiomes":{"value":0,"progress":["Birch Forest","Jungle","JungleEdge","Plains","Deep Ocean"]},"stat.mineBlock.minecraft.tallgrass":1,"stat.diveOneCm":7397}