{
  "enabled": true,
  "rarity": 1.0,
  "biomeType": "GRASSLAND",
  "useDungeons": true,
  "dungeonChance": 8,
  "useMineShafts": true,
  "useStrongholds": true,
  "useVillages": true,
  "useTemples": false,
  "useNetherFortress": false,
  "useCaves": true,
  "useMonuments": false,
  "useRavines": true,
  "useWitchHuts": false,
  "usePyramids": false,
  "useJungleTemples": false,
  "useIgloos": false,
  "useFossils": false,
  "useWaterLakes": true,
  "useLavaLakes": false,
  "useRivers": false,
  "useNativePainting": false,
  "useNativeStructure": false,
  "fossilChance": 64,
  "lavaLakeChance": 70,
  "waterLakeChance": 4,
  "ores": [
    {
      "type": "DIRT",
      "data": 0,
      "size": 33,
      "count": 10,
      "minHeight": 0,
      "maxHeight": 256
    },
    {
      "type": "GRAVEL",
      "data": 0,
      "size": 33,
      "count": 8,
      "minHeight": 0,
      "maxHeight": 256
    },
    {
      "type": "STONE",
      "data": 1,
      "size": 33,
      "count": 10,
      "minHeight": 0,
      "maxHeight": 80
    },
    {
      "type": "STONE",
      "data": 3,
      "size": 33,
      "count": 10,
      "minHeight": 0,
      "maxHeight": 80
    },
    {
      "type": "STONE",
      "data": 5,
      "size": 33,
      "count": 10,
      "minHeight": 0,
      "maxHeight": 80
    },
    {
      "type": "COAL_ORE",
      "data": 0,
      "size": 17,
      "count": 20,
      "minHeight": 0,
      "maxHeight": 128
    },
    {
      "type": "IRON_ORE",
      "data": 0,
      "size": 9,
      "count": 20,
      "minHeight": 0,
      "maxHeight": 64
    },
    {
      "type": "GOLD_ORE",
      "data": 0,
      "size": 9,
      "count": 2,
      "minHeight": 0,
      "maxHeight": 32
    },
    {
      "type": "REDSTONE_ORE",
      "data": 0,
      "size": 8,
      "count": 8,
      "minHeight": 0,
      "maxHeight": 16
    },
    {
      "type": "DIAMOND_ORE",
      "data": 0,
      "size": 8,
      "count": 1,
      "minHeight": 0,
      "maxHeight": 16
    },
    {
      "type": "LAPIS_ORE",
      "data": 0,
      "size": 7,
      "count": 1,
      "minHeight": 0,
      "maxHeight": 32
    },
    {
      "type": "EMERALD_ORE",
      "data": 0,
      "size": 4,
      "count": 2,
      "minHeight": 4,
      "maxHeight": 32
    }
  ],
  "terrainSettings": {
    "subTerrains": [
      {
        "provider": "EWG",
        "name": "Bonsai Forest",
        "xModifier": 1.0,
        "yModifer": 1.0,
        "zModifer": 1.0,
        "yOffset": 0
      }
    ]
  },
  "overlaySettings": {
    "spawnLillypads": false,
    "spawnCactus": false,
    "spawnSnowLayers": false,
    "spawnIceOnWater": false,
    "minRiver": 2.0,
    "groundDepth": 4,
    "surfaceDepth": 1,
    "surfaceBlocks": [
      [
        [
          {
            "type": "STAINED_CLAY",
            "data": 9,
            "inclinationsConditions": [
              {
                "minInclination": 2.3,
                "maxInclination": 99.0
              }
            ]
          },
          1.0
        ]
      ],
      [
        [
          {
            "type": "STONE",
            "data": 0,
            "inclinationsConditions": [
              {
                "minInclination": 1.3,
                "maxInclination": 1.7
              }
            ]
          },
          0.4
        ],
        [
          {
            "type": "COBBLESTONE",
            "data": 0,
            "inclinationsConditions": [
              {
                "minInclination": 1.3,
                "maxInclination": 1.7
              }
            ]
          },
          0.3
        ],
        [
          {
            "type": "STONE",
            "data": 5,
            "inclinationsConditions": [
              {
                "minInclination": 1.3,
                "maxInclination": 1.7
              }
            ]
          },
          0.3
        ]
      ],
      [
        [
          {
            "type": "GRASS",
            "data": 0
          },
          1.0
        ]
      ]
    ],
    "oceanBlocks": [],
    "groundBlocks": [
      [
        [
          {
            "type": "STAINED_CLAY",
            "data": 9,
            "inclinationsConditions": [
              {
                "minInclination": 2.3,
                "maxInclination": 99.0
              }
            ]
          },
          1.0
        ]
      ],
      [
        [
          {
            "type": "STONE",
            "data": 0,
            "inclinationsConditions": [
              {
                "minInclination": 1.3,
                "maxInclination": 1.7
              }
            ]
          },
          0.4
        ],
        [
          {
            "type": "COBBLESTONE",
            "data": 0,
            "inclinationsConditions": [
              {
                "minInclination": 1.3,
                "maxInclination": 1.7
              }
            ]
          },
          0.3
        ],
        [
          {
            "type": "STONE",
            "data": 5,
            "inclinationsConditions": [
              {
                "minInclination": 1.3,
                "maxInclination": 1.7
              }
            ]
          },
          0.3
        ]
      ],
      [
        [
          {
            "type": "DIRT",
            "data": 0
          },
          0.8
        ],
        [
          {
            "type": "COBBLESTONE",
            "data": 0
          },
          0.2
        ]
      ]
    ],
    "beachBlocks": [
      [
        [
          {
            "type": "DIRT",
            "data": 0
          },
          1.0
        ]
      ]
    ],
    "slabBlocks": [],
    "stairBlocks": [],
    "plantBlocks": [
      {},
      {},
      [
        [
          {
            "type": "SUGAR_CANE_BLOCK",
            "data": 0,
            "heightConditions": [
              {
                "minHeight": 54,
                "maxHeight": 54
              }
            ]
          },
          0.1
        ],
        [
          {
            "type": "LONG_GRASS",
            "data": 1,
            "inclinationsConditions": [
              {
                "minInclination": 0.0,
                "maxInclination": 1.7
              }
            ]
          },
          0.25
        ],
        [
          {
            "type": "DOUBLE_PLANT",
            "data": 0,
            "inclinationsConditions": [
              {
                "minInclination": 0.0,
                "maxInclination": 1.7
              }
            ]
          },
          0.001
        ],
        [
          {
            "type": "DOUBLE_PLANT",
            "data": 1,
            "inclinationsConditions": [
              {
                "minInclination": 0.0,
                "maxInclination": 1.7
              }
            ]
          },
          0.001
        ],
        [
          {
            "type": "DOUBLE_PLANT",
            "data": 2,
            "inclinationsConditions": [
              {
                "minInclination": 0.0,
                "maxInclination": 1.7
              }
            ]
          },
          0.001
        ],
        [
          {
            "type": "DOUBLE_PLANT",
            "data": 3,
            "inclinationsConditions": [
              {
                "minInclination": 0.0,
                "maxInclination": 1.7
              }
            ]
          },
          0.001
        ],
        [
          {
            "type": "DOUBLE_PLANT",
            "data": 4,
            "inclinationsConditions": [
              {
                "minInclination": 0.0,
                "maxInclination": 1.7
              }
            ]
          },
          0.001
        ],
        [
          {
            "type": "DOUBLE_PLANT",
            "data": 5,
            "inclinationsConditions": [
              {
                "minInclination": 0.0,
                "maxInclination": 1.7
              }
            ]
          },
          0.001
        ],
        [
          {
            "type": "RED_ROSE",
            "data": 0,
            "inclinationsConditions": [
              {
                "minInclination": 0.0,
                "maxInclination": 1.7
              }
            ]
          },
          0.001
        ],
        [
          {
            "type": "YELLOW_FLOWER",
            "data": 0,
            "inclinationsConditions": [
              {
                "minInclination": 0.0,
                "maxInclination": 1.7
              }
            ]
          },
          0.001
        ],
        [
          {
            "type": "RED_ROSE",
            "data": 1,
            "inclinationsConditions": [
              {
                "minInclination": 0.0,
                "maxInclination": 1.7
              }
            ]
          },
          0.001
        ],
        [
          {
            "type": "RED_ROSE",
            "data": 2,
            "inclinationsConditions": [
              {
                "minInclination": 0.0,
                "maxInclination": 1.7
              }
            ]
          },
          0.001
        ],
        [
          {
            "type": "RED_ROSE",
            "data": 3,
            "inclinationsConditions": [
              {
                "minInclination": 0.0,
                "maxInclination": 1.7
              }
            ]
          },
          0.001
        ],
        [
          {
            "type": "RED_ROSE",
            "data": 4,
            "inclinationsConditions": [
              {
                "minInclination": 0.0,
                "maxInclination": 1.7
              }
            ]
          },
          0.001
        ],
        [
          {
            "type": "RED_ROSE",
            "data": 5,
            "inclinationsConditions": [
              {
                "minInclination": 0.0,
                "maxInclination": 1.7
              }
            ]
          },
          0.001
        ],
        [
          {
            "type": "RED_ROSE",
            "data": 6,
            "inclinationsConditions": [
              {
                "minInclination": 0.0,
                "maxInclination": 1.7
              }
            ]
          },
          0.001
        ],
        [
          {
            "type": "RED_ROSE",
            "data": 7,
            "inclinationsConditions": [
              {
                "minInclination": 0.0,
                "maxInclination": 1.7
              }
            ]
          },
          0.001
        ],
        [
          {
            "type": "RED_ROSE",
            "data": 8,
            "inclinationsConditions": [
              {
                "minInclination": 0.0,
                "maxInclination": 1.7
              }
            ]
          },
          0.001
        ]
      ],
      {},
      [
        [
          {
            "type": "DOUBLE_PLANT",
            "data": 2
          },
          0.001953125
        ]
      ]
    ],
    "riverBlocks": [
      [
        [
          {
            "type": "SAND",
            "data": 0
          },
          1.0
        ]
      ]
    ]
  },
  "customTrees": [
    {
      "name": "TREES_bonsai_medium",
      "density": 5.2631578947368424E-5,
      "size": "MEDIUM",
      "type": "TREES",
      "blocksRequiredUnderneath": [
        "GRASS"
      ],
      "blacklistedDecoBlocks": [],
      "spawnOnGround": true,
      "overrideExsistingBlocks": false,
      "allowRotation": true,
      "applyPhysics": false,
      "applyAir": false,
      "fixFlyingRoots": true,
      "replaceAir": true,
      "minY": 62,
      "maxY": 113,
      "maxSlope": 0.7,
      "minSlope": 0.0,
      "snapToXGrid": -1,
      "snapToYGrid": -1,
      "gridXOffset": 0,
      "gridYOffset": 0,
      "anchorYOffset": 0
    },
    {
      "name": "TREES_bonsai_small",
      "density": 5.2631578947368424E-5,
      "size": "MEDIUM",
      "type": "TREES",
      "blocksRequiredUnderneath": [
        "GRASS"
      ],
      "blacklistedDecoBlocks": [],
      "spawnOnGround": true,
      "overrideExsistingBlocks": false,
      "allowRotation": true,
      "applyPhysics": false,
      "applyAir": false,
      "fixFlyingRoots": true,
      "replaceAir": true,
      "minY": 62,
      "maxY": 113,
      "maxSlope": 0.7,
      "minSlope": 0.0,
      "snapToXGrid": -1,
      "snapToYGrid": -1,
      "gridXOffset": 0,
      "gridYOffset": 0,
      "anchorYOffset": 0
    },
    {
      "name": "TREES_bonsai_big_2",
      "density": 5.2631578947368424E-5,
      "size": "MEDIUM",
      "type": "TREES",
      "blocksRequiredUnderneath": [
        "GRASS"
      ],
      "blacklistedDecoBlocks": [],
      "spawnOnGround": true,
      "overrideExsistingBlocks": false,
      "allowRotation": true,
      "applyPhysics": false,
      "applyAir": false,
      "fixFlyingRoots": true,
      "replaceAir": true,
      "minY": 62,
      "maxY": 113,
      "maxSlope": 0.7,
      "minSlope": 0.0,
      "snapToXGrid": -1,
      "snapToYGrid": -1,
      "gridXOffset": 0,
      "gridYOffset": 0,
      "anchorYOffset": 0
    },
    {
      "name": "TREES_bonsai_tiny",
      "density": 5.2631578947368424E-5,
      "size": "MEDIUM",
      "type": "TREES",
      "blocksRequiredUnderneath": [
        "GRASS"
      ],
      "blacklistedDecoBlocks": [],
      "spawnOnGround": true,
      "overrideExsistingBlocks": false,
      "allowRotation": true,
      "applyPhysics": false,
      "applyAir": false,
      "fixFlyingRoots": true,
      "replaceAir": true,
      "minY": 62,
      "maxY": 113,
      "maxSlope": 0.7,
      "minSlope": 0.0,
      "snapToXGrid": -1,
      "snapToYGrid": -1,
      "gridXOffset": 0,
      "gridYOffset": 0,
      "anchorYOffset": 0
    },
    {
      "name": "TREES_bonsai_medium_2",
      "density": 5.2631578947368424E-5,
      "size": "MEDIUM",
      "type": "TREES",
      "blocksRequiredUnderneath": [
        "GRASS"
      ],
      "blacklistedDecoBlocks": [],
      "spawnOnGround": true,
      "overrideExsistingBlocks": false,
      "allowRotation": true,
      "applyPhysics": false,
      "applyAir": false,
      "fixFlyingRoots": true,
      "replaceAir": true,
      "minY": 62,
      "maxY": 113,
      "maxSlope": 0.7,
      "minSlope": 0.0,
      "snapToXGrid": -1,
      "snapToYGrid": -1,
      "gridXOffset": 0,
      "gridYOffset": 0,
      "anchorYOffset": 0
    },
    {
      "name": "TREES_bonsai_big_3",
      "density": 5.2631578947368424E-5,
      "size": "MEDIUM",
      "type": "TREES",
      "blocksRequiredUnderneath": [
        "GRASS"
      ],
      "blacklistedDecoBlocks": [],
      "spawnOnGround": true,
      "overrideExsistingBlocks": false,
      "allowRotation": true,
      "applyPhysics": false,
      "applyAir": false,
      "fixFlyingRoots": true,
      "replaceAir": true,
      "minY": 62,
      "maxY": 113,
      "maxSlope": 0.7,
      "minSlope": 0.0,
      "snapToXGrid": -1,
      "snapToYGrid": -1,
      "gridXOffset": 0,
      "gridYOffset": 0,
      "anchorYOffset": 0
    },
    {
      "name": "TREES_bonsai_normal",
      "density": 5.2631578947368424E-5,
      "size": "MEDIUM",
      "type": "TREES",
      "blocksRequiredUnderneath": [
        "GRASS"
      ],
      "blacklistedDecoBlocks": [],
      "spawnOnGround": true,
      "overrideExsistingBlocks": false,
      "allowRotation": true,
      "applyPhysics": false,
      "applyAir": false,
      "fixFlyingRoots": true,
      "replaceAir": true,
      "minY": 62,
      "maxY": 113,
      "maxSlope": 0.7,
      "minSlope": 0.0,
      "snapToXGrid": -1,
      "snapToYGrid": -1,
      "gridXOffset": 0,
      "gridYOffset": 0,
      "anchorYOffset": 0
    },
    {
      "name": "TREES_bonsai_normal_2",
      "density": 5.2631578947368424E-5,
      "size": "MEDIUM",
      "type": "TREES",
      "blocksRequiredUnderneath": [
        "GRASS"
      ],
      "blacklistedDecoBlocks": [],
      "spawnOnGround": true,
      "overrideExsistingBlocks": false,
      "allowRotation": true,
      "applyPhysics": false,
      "applyAir": false,
      "fixFlyingRoots": true,
      "replaceAir": true,
      "minY": 62,
      "maxY": 113,
      "maxSlope": 0.7,
      "minSlope": 0.0,
      "snapToXGrid": -1,
      "snapToYGrid": -1,
      "gridXOffset": 0,
      "gridYOffset": 0,
      "anchorYOffset": 0
    },
    {
      "name": "TREES_bonsai_huge",
      "density": 5.2631578947368424E-5,
      "size": "MEDIUM",
      "type": "TREES",
      "blocksRequiredUnderneath": [
        "GRASS"
      ],
      "blacklistedDecoBlocks": [],
      "spawnOnGround": true,
      "overrideExsistingBlocks": false,
      "allowRotation": true,
      "applyPhysics": false,
      "applyAir": false,
      "fixFlyingRoots": true,
      "replaceAir": true,
      "minY": 62,
      "maxY": 113,
      "maxSlope": 0.7,
      "minSlope": 0.0,
      "snapToXGrid": -1,
      "snapToYGrid": -1,
      "gridXOffset": 0,
      "gridYOffset": 0,
      "anchorYOffset": 0
    },
    {
      "name": "TREES_bonsai_big",
      "density": 5.2631578947368424E-5,
      "size": "MEDIUM",
      "type": "TREES",
      "blocksRequiredUnderneath": [
        "GRASS"
      ],
      "blacklistedDecoBlocks": [],
      "spawnOnGround": true,
      "overrideExsistingBlocks": false,
      "allowRotation": true,
      "applyPhysics": false,
      "applyAir": false,
      "fixFlyingRoots": true,
      "replaceAir": true,
      "minY": 62,
      "maxY": 113,
      "maxSlope": 0.7,
      "minSlope": 0.0,
      "snapToXGrid": -1,
      "snapToYGrid": -1,
      "gridXOffset": 0,
      "gridYOffset": 0,
      "anchorYOffset": 0
    }
  ],
  "customStructures": [
    {
      "name": "DECO_forest_house",
      "density": 0.001,
      "size": "MEDIUM",
      "type": "DECO",
      "blocksRequiredUnderneath": [
        "GRASS"
      ],
      "blacklistedDecoBlocks": [],
      "spawnOnGround": true,
      "overrideExsistingBlocks": false,
      "allowRotation": false,
      "applyPhysics": false,
      "applyAir": true,
      "fixFlyingRoots": false,
      "replaceAir": true,
      "minY": 67,
      "maxY": 107,
      "maxSlope": 2.0,
      "minSlope": 0.0,
      "snapToXGrid": 150,
      "snapToYGrid": 150,
      "gridXOffset": 0,
      "gridYOffset": 0,
      "anchorYOffset": 0
    }
  ],
  "maxEWGObjectsPerChunk": 4,
  "xNoiseModifier": 1.2,
  "yNoiseModifier": 0.7,
  "zNoiseModifier": 1.2,
  "lakeDepth": 0.0,
  "baseHeight": 67,
  "nativeBiomes": [
    {
      "nativeBiome": "FOREST_HILLS",
      "chance": 0.8
    },
    {
      "nativeBiome": "FOREST",
      "chance": 0.2
    }
  ],
  "entitySettings": {},
  "groundMaterials": [
    {
      "material": "STONE",
      "data": 0,
      "chance": 1.0
    }
  ]
}