{"stat.drop.minecraft.stone_pickaxe":1,"stat.walkOneCm":101689,"stat.useItem.minecraft.stone":2,"stat.leaveGame":51,"stat.drop.minecraft.stone_shovel":1,"stat.mineBlock.minecraft.yellow_flower":1,"stat.drop.minecraft.dirt":15,"stat.mineBlock.minecraft.double_plant":3,"stat.jump":726,"stat.drop.minecraft.skull":1,"stat.swimOneCm":2013,"stat.fallOneCm":20502,"stat.drop.minecraft.stone_sword":1,"stat.crouchOneCm":174,"stat.pickup.minecraft.sapling":1,"stat.pickup.minecraft.dirt":55,"stat.useItem.minecraft.dirt":16,"stat.sprintOneCm":152896,"stat.pickup.minecraft.rotten_flesh":2,"stat.killEntity.Spider":1,"stat.damageTaken":270,"stat.mobKills":1,"stat.flyOneCm":675622,"stat.deaths":1,"stat.drop":20,"stat.pickup.minecraft.wheat_seeds":14,"stat.mineBlock.minecraft.leaves":1,"stat.pickup.minecraft.egg":1,"stat.playOneMinute":902514,"stat.pickup.minecraft.red_flower":1,"stat.sneakTime":347,"stat.damageDealt":479,"stat.drop.minecraft.stone_axe":1,"stat.timeSinceDeath":225533,"stat.pickup.minecraft.yellow_flower":1,"stat.mineBlock.minecraft.dirt":12,"stat.mineBlock.minecraft.tallgrass":87,"stat.diveOneCm":734}